k,silhouette,inertia
3,0.1472762872786031,15479.26076066485
4,0.12627738022454335,14387.99202729098
5,0.1225340982794624,13597.45754597232
6,0.1268942741484599,12897.70010373328
